timestamp,joint1,joint2
1740416404.0470498,0.7116998434066772,0.006745942402631044
1740416404.0571585,0.02614852413535118,-0.0023164190351963043
1740416404.0674045,0.026142802089452744,-0.0023185876198112965
1740416404.0775423,0.026144184172153473,-0.002317566191777587
1740416404.0876474,0.02614201232790947,-0.002318217419087887
1740416404.0977454,0.026141026988625526,-0.00231737457215786
1740416404.1079323,0.026145566254854202,-0.0023161049466580153
1740416404.1180983,0.02614063210785389,-0.002316194586455822
1740416404.128264,0.026146747171878815,-0.002320682629942894
1740416404.1383283,0.02615247294306755,-0.002317581558600068
1740416404.1484847,0.026146750897169113,-0.0023186136968433857
1740416404.1586468,0.02613905444741249,-0.0023214947432279587
1740416404.168809,0.026143591850996017,-0.0023203198798000813
1740416404.178967,0.02614063397049904,-0.0023190858773887157
1740416404.189127,0.02614181488752365,-0.002319456310942769
1740416404.199282,0.02613905444741249,-0.002319847233593464
1740416404.2094338,0.026142209768295288,-0.0023211119696497917
1740416404.219594,0.026138857007026672,-0.002318472834303975
1740416404.229753,0.02614694833755493,-0.0023214719258248806
1740416404.2400048,0.026142209768295288,-0.002322749001905322
1740416404.2501817,0.026139844208955765,-0.002316899597644806
1740416404.2603292,0.0261433944106102,-0.0023223201278597116
1740416404.2704756,0.026142606511712074,-0.0023197473492473364
1740416404.2806482,0.026135504245758057,-0.0023188127670437098
1740416404.2908592,0.026142604649066925,-0.002314993878826499
1740416404.301016,0.026147538796067238,-0.002314978279173374
1740416404.311177,0.026143789291381836,-0.0023185494355857372
1740416404.3213425,0.026149313896894455,-0.0023167177569121122
1740416404.3315265,0.02613786980509758,-0.002325505716726184
1740416404.3416908,0.026097025722265244,-0.0023245809134095907
1740416404.35185,0.02606920525431633,-0.002325482200831175
1740416404.3620112,0.0260380320250988,-0.0023259164299815893
1740416404.3721774,0.025962460786104202,-0.002332402626052499
1740416404.3823454,0.02582947537302971,-0.002321400446817279
1740416404.3925135,0.025588365271687508,-0.0022925580851733685
1740416404.4027152,0.025421835482120514,-0.0022769509814679623
1740416404.4128878,0.025291811674833298,-0.002322284271940589
1740416404.4230623,0.025050895288586617,-0.002414456568658352
1740416404.4332173,0.024052908644080162,-0.0027449193876236677
1740416404.443375,0.021388059481978416,-0.0036189346574246883
1740416404.4535275,0.01785564236342907,-0.0047944169491529465
1740416404.4636812,0.012889186851680279,-0.006050508469343185
1740416404.473838,0.005393628496676683,-0.006428121123462915
1740416404.4840035,-0.004178207367658615,-0.006208124570548534
1740416404.4941804,-0.0161911454051733,-0.00526025565341115
1740416404.5043404,-0.030883338302373886,-0.003889868501573801
1740416404.5145147,-0.04813679680228233,-0.002332479227334261
1740416404.5246701,-0.06802964955568314,-0.0009270376176573336
1740416404.5348344,-0.09064832329750061,0.00010930933058261871
1740416404.544998,-0.11522843688726425,0.0008829539874568582
1740416404.555161,-0.14194007217884064,0.0013292657677084208
1740416404.565311,-0.17002835869789124,0.0014906174037605524
1740416404.5753672,-0.19883620738983154,0.001516522141173482
1740416404.585424,-0.22780367732048035,0.0013617230579257011
1740416404.5954857,-0.2567192316055298,0.001373716862872243
1740416404.6056685,-0.28505080938339233,0.0017460968811064959
1740416404.6158442,-0.3122308850288391,0.0027489522472023964
1740416404.6260076,-0.33847033977508545,0.003976056817919016
1740416404.636183,-0.3637102544307709,0.005627304315567017
1740416404.6463253,-0.38831108808517456,0.007142052054405212
1740416404.656499,-0.41239261627197266,0.00885140523314476
1740416404.6666782,-0.434684157371521,0.010465159080922604
1740416404.6768394,-0.4561428427696228,0.011881019920110703
1740416404.687008,-0.476154088973999,0.013250836171209812
1740416404.69719,-0.4943177103996277,0.01459919661283493
1740416404.7072752,-0.5105552077293396,0.01595124788582325
1740416404.7174382,-0.5248222351074219,0.017312942072749138
1740416404.7276459,-0.536531925201416,0.01879228465259075
1740416404.7378032,-0.5458529591560364,0.020550701767206192
1740416404.747952,-0.5530610680580139,0.02257784828543663
1740416404.7581189,-0.5575888752937317,0.025076184421777725
1740416404.768292,-0.5613898634910583,0.027054784819483757
1740416404.7784545,-0.5655910968780518,0.02839735336601734
1740416404.7886102,-0.573215901851654,0.03163648024201393
1740416404.7987747,-0.5732498168945312,0.03162211552262306
1740416404.80883,-0.5779749751091003,0.03359086439013481
1740416404.8191714,-0.5833522081375122,0.03582601249217987
1740416404.8293576,-0.5952574610710144,0.04075510427355766
1740416404.839413,-0.5952509641647339,0.04075583815574646
1740416404.8495107,-0.6016871333122253,0.04343254119157791
1740416404.8596642,-0.614202618598938,0.04861396551132202
1740416404.8697495,-0.6191686987876892,0.05066825449466705
1740416404.8798306,-0.6224830746650696,0.052040114998817444
1740416404.8898892,-0.6236472129821777,0.052526943385601044
1740416404.8999457,-0.6235559582710266,0.052491236478090286
1740416404.9100096,-0.6235643625259399,0.052492406219244
1740416404.92007,-0.6234952211380005,0.05247155576944351
1740416404.9301236,-0.623013436794281,0.052264612168073654
1740416404.9401789,-0.6210361123085022,0.0514577180147171
1740416404.9502325,-0.6161020994186401,0.04943140968680382
1740416404.9603465,-0.6071881651878357,0.04575115069746971
1740416404.970404,-0.5936089754104614,0.04017622768878937
1740416404.9804585,-0.5757872462272644,0.03284202516078949
1740416404.9905128,-0.5543125867843628,0.024065880104899406
1740416405.000568,-0.5302321910858154,0.014872209168970585
1740416405.010622,-0.5035602450370789,0.0072534349747002125
1740416405.020677,-0.475693941116333,0.0024851334746927023
1740416405.030731,-0.44876742362976074,0.0012995607685297728
1740416405.0407877,-0.4232461750507355,0.00391608290374279
1740416405.0508475,-0.3983994722366333,0.008231846615672112
1740416405.0609188,-0.37296223640441895,0.013291844166815281
1740416405.070974,-0.34602290391921997,0.017529524862766266
1740416405.0810444,-0.31818917393684387,0.019922839477658272
1740416405.0911505,-0.286157488822937,0.021497005596756935
1740416405.1012213,-0.25371304154396057,0.020730342715978622
1740416405.1112897,-0.2193405032157898,0.01825505495071411
1740416405.1213455,-0.18487069010734558,0.013977143913507462
1740416405.1313994,-0.15035825967788696,0.008726906962692738
1740416405.1415024,-0.1177411675453186,0.0031089126132428646
1740416405.1515594,-0.08845879137516022,-0.0015789443859830499
1740416405.1616147,-0.06357244402170181,-0.004290895536541939
1740416405.1716886,-0.04450256749987602,-0.004565357696264982
1740416405.1817417,-0.03194209933280945,-0.0027026664465665817
1740416405.1918182,-0.02456117607653141,0.0004080157377757132
1740416405.2018728,-0.019465483725070953,0.00262509286403656
1740416405.2119281,-0.016910534352064133,0.0035742339678108692
1740416405.2219832,-0.016869492828845978,0.0035859893541783094
1740416405.2320373,-0.0170954130589962,0.0034951665438711643
1740416405.2420926,-0.017322514206171036,0.003398181637749076
1740416405.2521453,-0.018605809658765793,0.002864942653104663
1740416405.2622006,-0.01976499706506729,0.0023829343263059855
1740416405.2722545,-0.019697124138474464,0.0024110740050673485
1740416405.2823076,-0.019694756716489792,0.0024117708671838045
1740416405.292361,-0.019695349037647247,0.002413508016616106
1740416405.3024247,-0.019701465964317322,0.0024083894677460194
1740416405.3124943,-0.019697124138474464,0.0024120062589645386
1740416405.322576,-0.01969889923930168,0.002411444438621402
1740416405.332774,-0.019695349037647247,0.0024056790862232447
1740416405.3429492,-0.01969929412007332,0.002410486340522766
1740416405.3531108,-0.019692782312631607,0.002408550353720784
1740416405.3632715,-0.019699886441230774,0.0024110942613333464
1740416405.3736224,-0.019698109477758408,0.0024120290763676167
1740416405.3837848,-0.019700083881616592,0.0024081976152956486
1740416405.3939312,-0.019690414890646935,0.002407109597697854
1740416405.4042323,-0.01969791203737259,0.002409727778285742
1740416405.4143932,-0.019690217450261116,0.0024095820263028145
1740416405.4245617,-0.019696136936545372,0.002407638356089592
1740416405.4347332,-0.01968429796397686,0.0024081948213279247
1740416405.444897,-0.019689034670591354,0.002404787577688694
1740416405.4550562,-0.01968824490904808,0.002404531929641962
1740416405.4652345,-0.0196884423494339,0.0024070455692708492
1740416405.4753914,-0.019687850028276443,0.0024127522483468056
1740416405.4855409,-0.019582487642765045,0.002383409533649683
1740416405.495597,-0.019417734816670418,0.0023808469995856285
1740416405.5056508,-0.01926521584391594,0.002424635924398899
1740416405.515704,-0.01878141425549984,0.0025503882206976414
1740416405.5257962,-0.017996124923229218,0.0028041284531354904
1740416405.5358496,-0.01758868247270584,0.002877540420740843
1740416405.5459025,-0.0173221193253994,0.0027648592367768288
1740416405.5559561,-0.016120312735438347,0.0022802227176725864
1740416405.566009,-0.0136874970048666,0.001322697731666267
1740416405.576062,-0.009646419435739517,-0.0002805492258630693
1740416405.5861332,-0.004408467095345259,-0.0023238682188093662
1740416405.5961905,0.0016800835728645325,-0.004519208800047636
1740416405.606289,0.00969712808728218,-0.006088170222938061
1740416405.6163547,0.020781531929969788,-0.006354262121021748
1740416405.6264098,0.03504319489002228,-0.005233342293649912
1740416405.6365263,0.053117260336875916,-0.00298625067807734
1740416405.646688,0.07446566224098206,-0.00035930046578869224
1740416405.6567447,0.10021374374628067,0.002725615631788969
1740416405.6668088,0.12908650934696198,0.00577837647870183
1740416405.6768785,0.1614026129245758,0.008999432437121868
1740416405.6869457,0.19715088605880737,0.012231518514454365
1740416405.697053,0.23530396819114685,0.015256684273481369
1740416405.707238,0.27568328380584717,0.017968660220503807
1740416405.7174065,0.31626278162002563,0.019792910665273666
1740416405.727569,0.3602856993675232,0.021877044811844826
1740416405.7376988,0.4035521149635315,0.022866880521178246
1740416405.7477543,0.46794605255126953,0.013911159709095955
1740416405.757859,0.510327935218811,0.012950276024639606
1740416405.767963,0.5292906761169434,0.02080732211470604
1740416405.7781115,0.5690830945968628,0.018580274656414986
1740416405.7882802,0.6071484088897705,0.01572875678539276
1740416405.7984412,0.643107533454895,0.012640201486647129
1740416405.8086016,0.6766945123672485,0.009129856713116169
1740416405.8187618,0.7072675228118896,0.005506986752152443
1740416405.8289182,0.7500724196434021,-0.004014551639556885
1740416405.8390815,0.7583686709403992,-0.0005804742104373872
1740416405.8492498,0.7865171432495117,-0.005895740818232298
1740416405.8594043,0.806280255317688,-0.0017638793215155602
1740416405.869566,0.8142584562301636,0.0002709899563342333
1740416405.8797338,0.8189730644226074,0.0031727345194667578
1740416405.889898,0.8180169463157654,0.0035746556241065264
1740416405.9000466,0.8261107206344604,0.007832528091967106
1740416405.9102092,0.8278377056121826,0.009359460324048996
1740416405.9203722,0.8275107145309448,0.010496923699975014
1740416405.9305394,0.8258986473083496,0.010832698084414005
1740416405.9408398,0.8259209990501404,0.01084094773977995
1740416405.9510067,0.8222676515579224,0.012354094535112381
1740416405.961179,0.8202254772186279,0.013197696767747402
1740416405.971336,0.8183276057243347,0.013980983756482601
1740416405.9814951,0.8161725997924805,0.014851407147943974
1740416405.9916523,0.8138116598129272,0.01578652672469616
1740416406.0018198,0.8113359808921814,0.01666213758289814
1740416406.0119915,0.8089994788169861,0.01729675754904747
1740416406.0221827,0.8061211109161377,0.01799274981021881
1740416406.0323322,0.8027423024177551,0.0183370653539896
1740416406.0424967,0.7976292371749878,0.017826654016971588
1740416406.0526497,0.7896333932876587,0.016071142628788948
1740416406.062705,0.7783182263374329,0.013249356299638748
1740416406.072771,0.7631990313529968,0.009287271648645401
1740416406.0828483,0.7446178197860718,0.0044133360497653484
1740416406.093007,0.7229161858558655,-0.0004924365202896297
1740416406.1031759,0.6990535259246826,-0.004771899431943893
1740416406.113343,0.674517035484314,-0.007429881487041712
1740416406.123491,0.6477322578430176,-0.00865213293582201
1740416406.1336422,0.6216374635696411,-0.0074931904673576355
1740416406.1438005,0.5944198369979858,-0.005199329927563667
1740416406.1539507,0.5668331384658813,-0.0022393406834453344
1740416406.1641018,0.5368818044662476,0.0004446370294317603
1740416406.1742637,0.5051639080047607,0.0025000099558383226
1740416406.1844263,0.4708203375339508,0.0032292164396494627
1740416406.1944816,0.43450796604156494,0.0029463600367307663
1740416406.2045352,0.39628925919532776,0.0015989034436643124
1740416406.2145886,0.35699641704559326,-0.0004922097432427108
1740416406.2246416,0.31764283776283264,-0.0027922114823013544
1740416406.234695,0.2794109582901001,-0.004729073029011488
1740416406.2447488,0.24286581575870514,-0.006094207987189293
1740416406.2548344,0.2090088427066803,-0.006735806353390217
1740416406.2648919,0.17879220843315125,-0.0060385437682271
1740416406.2749753,0.1519489586353302,-0.00463940529152751
1740416406.2851455,0.12884479761123657,-0.002653065137565136
1740416406.295312,0.10951290279626846,-0.0006355962250381708
1740416406.3054888,0.09304147958755493,0.0008465603459626436
1740416406.3156617,0.07990841567516327,0.0017014314653351903
1740416406.3258214,0.07058795541524887,0.0017898749792948365
1740416406.3359807,0.06504160910844803,0.001273586181923747
1740416406.3461485,0.06396568566560745,0.0004165816935710609
1740416406.356315,0.06556408107280731,-9.642617078498006e-05
1740416406.3664763,0.06574797630310059,-0.0001337780267931521
1740416406.3766313,0.06574738025665283,-0.00013285549357533455
1740416406.386791,0.06576494127511978,-0.00013521057553589344
1740416406.39695,0.06575389206409454,-0.00013533624587580562
1740416406.40711,0.06575428694486618,-0.00013562507228925824
1740416406.4172654,0.06575152277946472,-0.00013073370791971684
1740416406.4274192,0.0657491534948349,-0.00013603450497612357
1740416406.4375787,0.06575784087181091,-0.000133376510348171
1740416406.447738,0.06575369834899902,-0.00013653462519869208
1740416406.457889,0.06574895977973938,-0.00013135449262335896
1740416406.4680417,0.06574974954128265,-0.00013732397928833961
1740416406.4782047,0.06575626134872437,-0.0001334638218395412
1740416406.4883618,0.06575547158718109,-0.0001379441819153726
1740416406.498528,0.06575606763362885,-0.00013729569036513567
1740416406.5086906,0.06575290858745575,-0.0001361690810881555
1740416406.5188587,0.06575487554073334,-0.0001325366902165115
1740416406.529037,0.0657566487789154,-0.0001354995183646679
1740416406.5392053,0.06574738025665283,-0.00013529026182368398
1740416406.549369,0.0657491534948349,-0.00013538205530494452
1740416406.559529,0.06574402749538422,-0.00013486098032444715
1740416406.5696945,0.06575211882591248,-0.00013366102939471602
1740416406.5798516,0.06575527787208557,-0.0001331366947852075
1740416406.5900164,0.06575724482536316,-0.0001326028141193092
1740416406.6001837,0.06575901806354523,-0.00013336434494704008
1740416406.61035,0.06574895977973938,-0.00013618409866467118
1740416406.6205044,0.06575822830200195,-0.0001380310277454555
1740416406.6306627,0.06575389206409454,-0.00013582949759438634
1740416406.6408114,0.06575468182563782,-0.00013424031203612685
1740416406.6509774,0.06574836373329163,-0.00013911939458921552
1740416406.6611304,0.06575724482536316,-0.0001320976298302412
1740416406.6712937,0.06575724482536316,-0.00013890228001400828
1740416406.681465,0.06573258340358734,-0.00014166603796184063
1740416406.6917408,0.06548969447612762,-0.00020313507411628962
1740416406.7019238,0.06479398906230927,-0.0003006780752912164
1740416406.7120957,0.06296217441558838,-0.0006515413988381624
1740416406.7222595,0.06057651713490486,-0.0013447601813822985
1740416406.7324069,0.057236865162849426,-0.0026633478701114655
1740416406.7424636,0.05281221866607666,-0.004470787476748228
1740416406.752542,0.047267451882362366,-0.0064868140034377575
1740416406.762603,0.040748968720436096,-0.008292201906442642
1740416406.7726924,0.030992452055215836,-0.009319608099758625
1740416406.7827652,0.018552931025624275,-0.009031770750880241
1740416406.792849,0.0024551115930080414,-0.007758543360978365
1740416406.8029232,-0.01709146611392498,-0.005898403935134411
1740416406.8129857,-0.04043051227927208,-0.0036028751637786627
1740416406.823075,-0.06707803159952164,-0.001096162712201476
1740416406.833233,-0.09769776463508606,0.001319784321822226
1740416406.843405,-0.13132862746715546,0.003853199537843466
1740416406.8534832,-0.16891849040985107,0.006224904675036669
1740416406.863636,-0.20853668451309204,0.008686155080795288
1740416406.8737397,-0.2507562041282654,0.010965392924845219
1740416406.8838034,-0.2945934236049652,0.013002350926399231
1740416406.8939562,-0.3391098082065582,0.014788557775318623
1740416406.9041123,-0.38395947217941284,0.016229353845119476
1740416406.9142923,-0.42871320247650146,0.01712558977305889
1740416406.9243996,-0.4722345471382141,0.017878683283925056
1740416406.9344532,-0.5128223299980164,0.017799071967601776
1740416406.9445064,-0.5540763735771179,0.018356982618570328
1740416406.9545593,-0.5903685688972473,0.018226616084575653
1740416406.964613,-0.6237474679946899,0.01847243867814541
1740416406.9746668,-0.6512666940689087,0.018774641677737236
1740416406.9848232,-0.6752899885177612,0.01853436976671219
1740416406.9949965,-0.6920309066772461,0.0189051553606987
1740416407.0051682,-0.7025232911109924,0.019495967775583267
1740416407.0153246,-0.7064993381500244,0.020447539165616035
1740416407.0254834,-0.7054958343505859,0.02132192812860012
1740416407.0356688,-0.7030040621757507,0.022299326956272125
1740416407.045825,-0.6996539831161499,0.02368743158876896
1740416407.0559802,-0.6956228017807007,0.025361333042383194
1740416407.06615,-0.6910698413848877,0.027246197685599327
1740416407.0763118,-0.6858144402503967,0.02942071482539177
1740416407.0864828,-0.6798826456069946,0.03188066929578781
1740416407.0966403,-0.673386812210083,0.03457945957779884
1740416407.1068077,-0.6664025783538818,0.037472985684871674
1740416407.1169627,-0.659146785736084,0.040476277470588684
1740416407.127125,-0.6513372659683228,0.043710581958293915
1740416407.1372852,-0.6431586742401123,0.0471002534031868
1740416407.147557,-0.6350094079971313,0.05047431215643883
1740416407.1577137,-0.6266595125198364,0.05393480509519577
1740416407.16787,-0.6179020404815674,0.057562291622161865
1740416407.1780336,-0.6089648008346558,0.06125882640480995
1740416407.1882079,-0.6009191274642944,0.06459550559520721
1740416407.1983647,-0.5910487771034241,0.06862957775592804
1740416407.2085354,-0.5819829106330872,0.07224573194980621
1740416407.218591,-0.5733274221420288,0.07558470964431763
1740416407.2286453,-0.5637962222099304,0.07855232059955597
1740416407.2387214,-0.5521693825721741,0.08049018681049347
1740416407.2489104,-0.538242757320404,0.08101578056812286
1740416407.259154,-0.4984694719314575,0.07613006234169006
1740416407.269306,-0.47151196002960205,0.07014674693346024
1740416407.2794743,-0.44565510749816895,0.05943569913506508
1740416407.2896283,-0.40540099143981934,0.05073324218392372
1740416407.2998538,-0.36679357290267944,0.03755754604935646
1740416407.3100333,-0.3254302144050598,0.022910410538315773
1740416407.3202074,-0.2829553782939911,0.0080913370475173
1740416407.3302658,-0.24102255702018738,-0.004675358533859253
1740416407.340434,-0.20266714692115784,-0.012890543788671494
1740416407.3505898,-0.17035765945911407,-0.015270804055035114
1740416407.3606935,-0.14418071508407593,-0.011521241627633572
1740416407.3707566,-0.12425195425748825,-0.0037188855931162834
1740416407.380832,-0.10614967346191406,0.00430248212069273
1740416407.3909276,-0.08980561792850494,0.010604162700474262
1740416407.4009962,-0.07411208003759384,0.01595172844827175
1740416407.4111507,-0.060543566942214966,0.01897909864783287
1740416407.4212058,-0.048500437289476395,0.019687052816152573
1740416407.4313943,-0.038106806576251984,0.01813630759716034
1740416407.441709,-0.029627665877342224,0.014541483484208584
1740416407.4519167,-0.02212224341928959,0.010049151256680489
1740416407.4621217,-0.015142057090997696,0.00577770359814167
1740416407.4722874,-0.010141071863472462,0.0023598880507051945
1740416407.4824662,-0.006716188509017229,0.0009585543302819133
1740416407.492661,-0.006656206678599119,0.0009584676008671522
1740416407.5028496,-0.006882124580442905,0.0010549998842179775
1740416407.5130222,-0.006880546920001507,0.001048028701916337
1740416407.5231972,-0.006884689908474684,0.0010500111384317279
1740416407.5333743,-0.006882322020828724,0.0010549717117100954
1740416407.5435455,-0.006884492933750153,0.0010540931252762675
1740416407.5537305,-0.006883506663143635,0.0010504426900297403
1740416407.5638998,-0.006878968328237534,0.0010540292132645845
1740416407.5740752,-0.006873246282339096,0.0010515949688851833
1740416407.5842469,-0.006882716901600361,0.0010519677307456732
1740416407.594428,-0.006878573447465897,0.001052723964676261
1740416407.6044948,-0.006887057796120644,0.0010524530662223697
1740416407.6146653,-0.006885281763970852,0.0010499677155166864
1740416407.6248598,-0.00688547920435667,0.0010531964944675565
1740416407.6350372,-0.006884689908474684,0.001050723483785987
1740416407.6452174,-0.00689060939475894,0.0010497021721675992
1740416407.6553922,-0.006886663381010294,0.00105119904037565
1740416407.665463,-0.006888833828270435,0.001052417210303247
1740416407.675535,-0.006875022314488888,0.0010560831287875772
1740416407.6857138,-0.006884295493364334,0.001051669125445187
1740416407.6958954,-0.006884689908474684,0.0010514160385355353
1740416407.706086,-0.006877784617245197,0.001052976818755269
1740416407.7162912,-0.0068779815919697285,0.0010469327680766582
1740416407.7264922,-0.006884492933750153,0.0010491479188203812
1740416407.7366667,-0.006877587176859379,0.00105238426476717
1740416407.7468555,-0.00688547920435667,0.0010506268590688705
1740416407.757055,-0.006882519461214542,0.0010451346170157194
1740416407.7671142,-0.006878179032355547,0.001042835647240281
1740416407.7771463,-0.006872653961181641,0.0010489586275070906
1740416407.7872078,-0.006844833493232727,0.0010377089492976665
1740416407.7972698,-0.006723292171955109,0.0010034870356321335
1740416407.8073275,-0.006474683061242104,0.0009490444790571928
1740416407.8173957,-0.006079276092350483,0.0008595850667916238
1740416407.8274527,-0.0053640324622392654,0.000667973596137017
1740416407.837575,-0.0033443814609199762,0.00012908619828522205
1740416407.8476775,0.0006035671103745699,-0.0005378046771511436
1740416407.8578475,0.007489047013223171,-0.0010100416839122772
1740416407.8680313,0.018544644117355347,-0.0009259445942007005
1740416407.878216,0.03404027968645096,-0.00025552103761583567
1740416407.8884032,0.05395463854074478,0.0008610415970906615
1740416407.898586,0.08930937945842743,-0.0028299735859036446
1740416407.9087884,0.13631826639175415,0.005396916996687651
1740416407.919163,0.15152503550052643,-0.000902681378647685
1740416407.929341,0.1876535415649414,0.00010179117089137435
1740416407.939518,0.23073597252368927,0.0179525725543499
1740416407.949699,0.2913563847541809,0.011921824887394905
1740416407.9598827,0.3359431028366089,0.013251946307718754
1740416407.9700801,0.3817787766456604,0.0144239142537117
1740416407.9802651,0.4284464120864868,0.015530421398580074
1740416407.9904659,0.4753535985946655,0.016277095302939415
1740416408.0006504,0.5217767357826233,0.016748858615756035
1740416408.0107582,0.568298876285553,0.016466135159134865
1740416408.0209448,0.6122924089431763,0.01544062327593565
1740416408.0311213,0.6582573652267456,0.015499638393521309
1740416408.0413024,0.7016004323959351,0.014782275073230267
1740416408.0514882,0.743304967880249,0.01396682858467102
1740416408.06169,0.783406138420105,0.013300715945661068
1740416408.0718832,0.8213194012641907,0.012795534916222095
1740416408.0820603,0.8558624982833862,0.012339718639850616
1740416408.0922353,0.8875877857208252,0.012220651842653751
1740416408.1024203,0.9147080183029175,0.012023906223475933
1740416408.1125915,0.938163697719574,0.012147489003837109
1740416408.1227841,0.9563320875167847,0.012538962066173553
1740416408.132973,0.9695942401885986,0.013398563489317894
1740416408.1431618,0.9778605699539185,0.014767235144972801
1740416408.1533492,0.9823114275932312,0.016194038093090057
1740416408.1635582,0.9839526414871216,0.017319878563284874
1740416408.1737325,0.983544111251831,0.017130205407738686
1740416408.183911,0.9835497140884399,0.017148610204458237
1740416408.194093,0.9835568070411682,0.017145369201898575
1740416408.2043102,0.9835518002510071,0.017148569226264954
1740416408.2144935,0.9835503101348877,0.01714349165558815
1740416408.224683,0.9834845066070557,0.017126083374023438
1740416408.2348619,0.9833862781524658,0.01708143763244152
1740416408.245046,0.9832097291946411,0.017019499093294144
1740416408.2552214,0.9829611778259277,0.016916988417506218
1740416408.2654107,0.982662558555603,0.01680026389658451
1740416408.2755916,0.9823048710823059,0.01665882021188736
1740416408.2857707,0.9814087152481079,0.01629372499883175
1740416408.295951,0.9792250394821167,0.0153993871062994
1740416408.3061452,0.9747806191444397,0.013583659194409847
1740416408.3163307,0.9682391881942749,0.010963010601699352
1740416408.3265228,0.9596981406211853,0.007816465571522713
1740416408.3367045,0.9472916722297668,0.0047463420778512955
1740416408.3468852,0.9314647912979126,0.002162026008591056
1740416408.3570826,0.9128596782684326,0.0005296086310409009
1740416408.3672538,0.8903076648712158,-0.0003921960014849901
1740416408.3774338,0.8648437261581421,-0.0004689092165790498
1740416408.3876176,0.8352729082107544,-3.446050686761737e-05
1740416408.3978002,0.8020097613334656,0.0007160513778217137
1740416408.4079769,0.7638475894927979,0.0013109385035932064
1740416408.418158,0.7217820882797241,0.0017340251943096519
1740416408.4283392,0.676342248916626,0.001286129467189312
1740416408.4385335,0.6254087686538696,0.00070782849797979
1740416408.448718,0.5719197988510132,-0.00068795116385445
1740416408.4589062,0.5154269933700562,-0.0022994570899754763
1740416408.4690945,0.4570695757865906,-0.003759952262043953
1740416408.479268,0.39715927839279175,-0.004866695497184992
1740416408.4894729,0.30624067783355713,0.007320092990994453
1740416408.499674,0.2453148066997528,0.007678099442273378
1740416408.509853,0.15673625469207764,-0.0033546811901032925
1740416408.5200408,0.09904597699642181,-0.002238921821117401
1740416408.5302238,0.043192438781261444,-0.0010392393451184034
1740416408.5404103,-0.009342366829514503,0.00019518763292580843
1740416408.5505817,-0.058986008167266846,0.001385044539347291
1740416408.5607793,-0.10461007803678513,0.0026176918763667345
1740416408.570956,-0.14591743052005768,0.003811424598097801
1740416408.58113,-0.1818680465221405,0.004720871802419424
1740416408.591309,-0.21170249581336975,0.005316146649420261
1740416408.6014915,-0.2346646785736084,0.005806430708616972
1740416408.6116836,-0.25006285309791565,0.0061814794316887856
1740416408.621866,-0.2588344216346741,0.006613797973841429
1740416408.6320457,-0.25925350189208984,0.006916480138897896
1740416408.6422207,-0.2560337781906128,0.006832350976765156
1740416408.6524124,-0.25317853689193726,0.005748366005718708
1740416408.6626065,-0.2502775192260742,0.004517615307122469
1740416408.6727867,-0.24849443137645721,0.0037808544002473354
1740416408.6829655,-0.24742227792739868,0.003337510861456394
1740416408.6931376,-0.2473171055316925,0.0032887712586671114
1740416408.70332,-0.2473127543926239,0.0032882709056138992
1740416408.7135,-0.24731533229351044,0.0032853828743100166
1740416408.7237353,-0.24731571972370148,0.0032881167717278004
1740416408.7339327,-0.24731138348579407,0.003284037346020341
1740416408.7441154,-0.24730566143989563,0.0032881658989936113
1740416408.754314,-0.24729639291763306,0.0032899475190788507
1740416408.7645018,-0.24731256067752838,0.003285318147391081
1740416408.7746947,-0.24730348587036133,0.00328592536970973
1740416408.7848907,-0.247308611869812,0.003285355167463422
1740416408.7950685,-0.24730724096298218,0.003284389851614833
1740416408.8052406,-0.24730387330055237,0.0032910064328461885
1740416408.815308,-0.2473052591085434,0.0032880285289138556
1740416408.8254921,-0.24730032682418823,0.003284166334196925
1740416408.8356895,-0.2473021149635315,0.0032865433022379875
1740416408.8458655,-0.2473117709159851,0.0032862573862075806
1740416408.8560567,-0.24730485677719116,0.0032840892672538757
1740416408.8662481,-0.2472977638244629,0.003284637350589037
1740416408.8764434,-0.2472979575395584,0.003282281570136547
1740416408.886672,-0.24729815125465393,0.0032818280160427094
1740416408.8968606,-0.2472989559173584,0.0032861288636922836
1740416408.907043,-0.24730131030082703,0.0032857125625014305
1740416408.9172206,-0.24729835987091064,0.0032843530643731356
1740416408.927421,-0.24729835987091064,0.003287668339908123
1740416408.9376254,-0.24729737639427185,0.003286082297563553
1740416408.947754,-0.24730250239372253,0.003286246210336685
1740416408.9579198,-0.24729716777801514,0.0032883132807910442
1740416408.9680905,-0.24729637801647186,0.0032816624734550714
1740416408.9782786,-0.24728986620903015,0.003287369152531028
1740416408.988464,-0.24729184806346893,0.0032863030210137367
1740416408.998655,-0.24729816615581512,0.003284452948719263
1740416409.0088356,-0.2472979575395584,0.003286914899945259
1740416409.019014,-0.24730229377746582,0.00328426668420434
1740416409.0292084,-0.2472979724407196,0.0032803253270685673
1740416409.0393848,-0.24729716777801514,0.003282267600297928
1740416409.049584,-0.247416153550148,0.0032403990626335144
1740416409.0597773,-0.24831292033195496,0.0028975908644497395
1740416409.0699716,-0.249137282371521,0.002601960673928261
1740416409.0801666,-0.24913765490055084,0.002703452482819557
1740416409.090343,-0.2494056224822998,0.00277497386559844
1740416409.1005278,-0.24985745549201965,0.0029515766073018312
1740416409.1107166,-0.2507595419883728,0.003316328627988696
1740416409.1208177,-0.25358322262763977,0.0044762492179870605
1740416409.131021,-0.2578895092010498,0.00624079117551446
1740416409.1412086,-0.26389873027801514,0.008723575621843338
1740416409.1513793,-0.2721858620643616,0.012140089645981789
1740416409.161561,-0.2830435633659363,0.01662304624915123
1740416409.171752,-0.2960089147090912,0.021989304572343826
1740416409.1819277,-0.3113524317741394,0.02834809385240078
1740416409.1921122,-0.32854628562927246,0.03547874838113785
1740416409.2023034,-0.3473411202430725,0.043270617723464966
1740416409.2124784,-0.3673062026500702,0.05154140293598175
1740416409.2226586,-0.38813984394073486,0.06017380952835083
1740416409.2328439,-0.409427672624588,0.0689944475889206
1740416409.2430363,-0.4310520887374878,0.0779581144452095
1740416409.25323,-0.4524873197078705,0.08685058355331421
1740416409.2634146,-0.472406804561615,0.09510765224695206
1740416409.2734835,-0.4931109845638275,0.10370717197656631
1740416409.2836819,-0.5119673609733582,0.11151813715696335
1740416409.2938647,-0.5292560458183289,0.11871117353439331
1740416409.304044,-0.5434780120849609,0.12463197112083435
1740416409.3142395,-0.5523580312728882,0.12836939096450806
1740416409.3244162,-0.5549843907356262,0.12961287796497345
1740416409.3345912,-0.5529003143310547,0.12884002923965454
1740416409.344769,-0.5479886531829834,0.1268027275800705
1740416409.3549476,-0.5420371294021606,0.12433192133903503
1740416409.3651292,-0.5366058349609375,0.12207341194152832
1740416409.375342,-0.5334052443504333,0.12073815613985062
1740416409.3855338,-0.5325306057929993,0.1203802227973938
1740416409.3957105,-0.5325965881347656,0.12040256708860397
1740416409.4058936,-0.5326046943664551,0.1204044297337532
1740416409.4161756,-0.5326011180877686,0.12040820717811584
1740416409.4263456,-0.5325982570648193,0.12040364742279053
1740416409.4365256,-0.5326119661331177,0.12039947509765625
1740416409.4467034,-0.5325970649719238,0.12040328234434128
1740416409.4568913,-0.5325812697410583,0.12039399892091751
1740416409.4671063,-0.5325438976287842,0.12038837373256683
1740416409.4772894,-0.5323988199234009,0.12033037096261978
1740416409.487466,-0.5315461158752441,0.11997964978218079
1740416409.4976714,-0.5298542976379395,0.11926902085542679
1740416409.5078948,-0.5266343355178833,0.11794203519821167
1740416409.5180733,-0.5208753943443298,0.11554504930973053
1740416409.5282629,-0.5120347738265991,0.11189521849155426
1740416409.538444,-0.4994424283504486,0.10668719559907913
1740416409.548638,-0.4827256202697754,0.09975285083055496
1740416409.5587819,-0.46120578050613403,0.09082657098770142
1740416409.5689583,-0.40443354845046997,0.06730770319700241
1740416409.5791337,-0.369448184967041,0.05279946327209473
1740416409.5893202,-0.33055058121681213,0.03668986260890961
1740416409.5994773,-0.28836655616760254,0.01945348270237446
1740416409.6096346,-0.24704638123512268,0.002334228716790676
1740416409.6197906,-0.2083735167980194,-0.011887680739164352
1740416409.629951,-0.1815987229347229,-0.023008741438388824
1740416409.6401145,-0.16468365490436554,-0.016057202592492104
1740416409.6502764,-0.13277706503868103,-0.015853777527809143
1740416409.6604304,-0.1167256236076355,-0.007449826691299677
1740416409.6705923,-0.10084918141365051,0.0006176707101985812
1740416409.6807506,-0.08433345705270767,0.006909600459039211
1740416409.6909087,-0.06953176110982895,0.011219870299100876
1740416409.7010715,-0.056910715997219086,0.013762486167252064
1740416409.7112014,-0.04512369632720947,0.014710135757923126
1740416409.7212775,-0.03574758768081665,0.013395031914114952
1740416409.7313952,-0.02815101109445095,0.010450745932757854
1740416409.741457,-0.021629367023706436,0.006840528454631567
1740416409.7516248,-0.014724748209118843,0.0040265596471726894
1740416409.7618954,-0.009471208788454533,0.0019822779577225447
1740416409.7720516,-0.006787022575736046,0.0008654552511870861
1740416409.7822032,-0.00660352548584342,0.0007906458340585232
1740416409.7923682,-0.00674440385773778,0.0008450658060610294
1740416409.802522,-0.006738681811839342,0.0008482895791530609
1740416409.8126807,-0.006733749061822891,0.0008468384621664882
1740416409.822839,-0.0067404573783278465,0.0008473825873807073
1740416409.8329902,-0.006725264713168144,0.0008426645072177052
1740416409.843069,-0.006734340917319059,0.0008441078243777156
1740416409.8531294,-0.006739865522831678,0.0008425137493759394
1740416409.8633068,-0.006738681346178055,0.0008445496205240488
1740416409.873363,-0.0067404573783278465,0.0008474976057186723
1740416409.8835156,-0.00673690577968955,0.0008458014344796538
1740416409.8936944,-0.006739865522831678,0.0008444194681942463
1740416409.9038591,-0.0067311841994524,0.0008417704375460744
1740416409.9140086,-0.006739076226949692,0.0008412824245169759
1740416409.9241736,-0.0067459819838404655,0.0008466725703328848
1740416409.9343345,-0.006733749061822891,0.0008446442661806941
1740416409.944501,-0.006733551621437073,0.0008496278896927834
1740416409.9545567,-0.00673927366733551,0.0008364521199837327
1740416409.9647517,-0.0067434171214699745,0.0008457375224679708
1740416409.9749053,-0.0067374976351857185,0.0008448536973446608
1740416409.9850821,-0.006739471107721329,0.0008453237824141979
1740416409.9952452,-0.00673394650220871,0.0008422022219747305
1740416410.005307,-0.006740259937942028,0.0008475411450490355
1740416410.015463,-0.006737695075571537,0.0008451422909274697
1740416410.0256298,-0.006713229231536388,0.0008336501196026802
1740416410.035789,-0.0067013902589678764,0.0008319306652992964
1740416410.0459545,-0.006698233541101217,0.0008263288764283061
1740416410.0561175,-0.006616153288632631,0.0008106394670903683
1740416410.0662954,-0.006411938928067684,0.0007698143599554896
1740416410.0763516,-0.00616056751459837,0.0007088935235515237
1740416410.086452,-0.005644802935421467,0.0005512537900358438
1740416410.0966277,-0.003799177473410964,-8.976797107607126e-05
1740416410.106795,-0.0007097190245985985,-0.0010702448198571801
1740416410.1169477,0.004293633159250021,-0.002222490031272173
1740416410.1271052,0.011613192036747932,-0.003228408982977271
1740416410.1372597,0.0230697188526392,-0.0033090675715357065
1740416410.1474624,0.038353051990270615,-0.0028587449342012405
1740416410.1576314,0.05741720646619797,-0.0018000394338741899
1740416410.1678045,0.07957102358341217,-0.0006082820473238826
1740416410.177959,0.10614050179719925,0.0010114382021129131
1740416410.1880147,0.1355975866317749,0.0026670903898775578
1740416410.1981058,0.18478654325008392,-0.0021537586580961943
1740416410.2082818,0.24448217451572418,0.008111373521387577
1740416410.218338,0.24448217451572418,0.008117406629025936
1740416410.228412,0.28583431243896484,0.00992530956864357
1740416410.2384663,0.32967638969421387,0.011634205467998981
1740416410.2485526,0.37475669384002686,0.013185689225792885
1740416410.2586386,0.42066407203674316,0.01465795561671257
1740416410.2687206,0.4667072296142578,0.01571378856897354
1740416410.2787907,0.512710452079773,0.016389451920986176
1740416410.288869,0.6021631956100464,0.01628023199737072
1740416410.2989266,0.6227144002914429,0.02479167841374874
1740416410.308981,0.6447194814682007,0.015674810856580734
1740416410.319037,0.6850628852844238,0.014418566599488258
1740416410.3291156,0.7429109811782837,0.00478751864284277
1740416410.3391552,0.7576633095741272,0.01090143620967865
1740416410.3492231,0.8075627088546753,0.002622093539685011
1740416410.359293,0.8198700547218323,0.007721364498138428
1740416410.3693469,0.865370512008667,0.004957943223416805
1740416410.3794,0.865370512008667,0.0049585457891225815
1740416410.3894532,0.8815598487854004,0.004092592280358076
1740416410.3995204,0.8949084281921387,0.002925686538219452
1740416410.4095979,0.8977135419845581,0.004834551364183426
1740416410.4197605,0.8970984220504761,0.005867147818207741
1740416410.4299352,0.8945319652557373,0.006927916314452887
1740416410.4400377,0.8912136554718018,0.008304853923618793
1740416410.450208,0.887325644493103,0.009910201653838158
1740416410.4603708,0.8829230666160583,0.011740363202989101
1740416410.4704332,0.8782542943954468,0.013670871034264565
1740416410.4804888,0.8732867240905762,0.015727246180176735
1740416410.4906468,0.868145227432251,0.017838457599282265
1740416410.5007162,0.8627137541770935,0.020013907924294472
1740416410.5107713,0.8570172786712646,0.02214210107922554
1740416410.5208535,0.8506518602371216,0.023968636989593506
1740416410.5309198,0.8448494672775269,0.026098111644387245
1740416410.5410986,0.8392744660377502,0.02840500697493553
1740416410.551286,0.8337802290916443,0.030590815469622612
1740416410.5614405,0.8279210329055786,0.03247985243797302
1740416410.5715997,0.820929229259491,0.03392083942890167
1740416410.5816662,0.811282753944397,0.03418456017971039
1740416410.591749,0.7986774444580078,0.03308095037937164
1740416410.6018174,0.7832198143005371,0.030596623197197914
1740416410.6118832,0.7638288736343384,0.026383541524410248
1740416410.6219745,0.7413582801818848,0.020871013402938843
1740416410.6320453,0.7152891159057617,0.013774335384368896
1740416410.6422174,0.6859380006790161,0.005586304701864719
1740416410.6522772,0.653634786605835,-0.003107652999460697
1740416410.6624453,0.6198815107345581,-0.01068185456097126
1740416410.6725967,0.5860445499420166,-0.01569811813533306
1740416410.6827114,0.5532979965209961,-0.01709270104765892
1740416410.6927714,0.5219854116439819,-0.015199529007077217
1740416410.7029283,0.4919160008430481,-0.010565263219177723
1740416410.7130923,0.46178558468818665,-0.004746857099235058
1740416410.723254,0.42992621660232544,0.0006344773573800921
1740416410.7334158,0.39676517248153687,0.004627824295312166
1740416410.7435818,0.36057522892951965,0.007368869613856077
1740416410.753693,0.32422584295272827,0.008697782643139362
1740416410.763754,0.28280168771743774,0.006931314244866371
1740416410.7739072,0.24205231666564941,0.004293171223253012
1740416410.7840843,0.2007548213005066,0.0006334263598546386
1740416410.794256,0.16077645123004913,-0.0034529645927250385
1740416410.804407,0.12331315875053406,-0.007000112906098366
1740416410.814564,0.08937332034111023,-0.009317338466644287
1740416410.824734,0.0603586882352829,-0.009271424263715744
1740416410.8349001,0.03656700998544693,-0.007236866280436516
1740416410.845056,0.01780177652835846,-0.0036339752841740847
1740416410.8552291,0.0035148561000823975,0.00029318383894860744
1740416410.8653903,-0.006629965268075466,0.0038851811550557613
1740416410.8755546,-0.013000468723475933,0.006475296337157488
1740416410.885659,-0.016498751938343048,0.007609108928591013
1740416410.8957596,-0.016985511407256126,0.006894988473504782
1740416410.905852,-0.016710659489035606,0.005320488940924406
1740416410.9160135,-0.015233214013278484,0.003955758176743984
1740416410.926192,-0.012376578524708748,0.003131644334644079
1740416410.9363513,-0.010357124730944633,0.0023267315700650215
1740416410.9465091,-0.009561378508806229,0.0019954945892095566
1740416410.956681,-0.009524877183139324,0.001982328947633505
1740416410.9668407,-0.00952744111418724,0.0019807987846434116
1740416410.977024,-0.009526455774903297,0.001981873996555805
1740416410.9871864,-0.009516590274870396,0.0019790339283645153
1740416410.997349,-0.00952487625181675,0.001980856992304325
1740416411.0075128,-0.009520141407847404,0.001983733382076025
1740416411.0176733,-0.009520141407847404,0.0019798765424638987
1740416411.02787,-0.009522706270217896,0.001980629749596119
1740416411.0380301,-0.009527244605123997,0.0019798330031335354
1740416411.0481908,-0.009516196325421333,0.001978466287255287
1740416411.05835,-0.009517182596027851,0.001977958483621478
1740416411.0684144,-0.009520338848233223,0.0019775114487856627
1740416411.0784926,-0.00951797142624855,0.0019781216979026794
1740416411.0885944,-0.009513236582279205,0.001980287954211235
1740416411.0987504,-0.009518761187791824,0.001978300977498293
1740416411.1089225,-0.009516392834484577,0.001981163863092661
1740416411.119086,-0.009513434022665024,0.0019758304115384817
1740416411.1292543,-0.009512841701507568,0.0019766606856137514
1740416411.1394222,-0.009530598297715187,0.001969163538888097
1740416411.149583,-0.009598473086953163,0.0019563501700758934
1740416411.159739,-0.009644052013754845,0.0019523806404322386
1740416411.1698897,-0.009732840582728386,0.0019704559817910194
1740416411.1800523,-0.009856750257313251,0.0020244591869413853
1740416411.1902137,-0.010204408317804337,0.002123857382684946
1740416411.200376,-0.01095990277826786,0.0024177334271371365
1740416411.2105334,-0.012241619639098644,0.0029366635717451572
1740416411.22069,-0.014086652547121048,0.0036908062174916267
1740416411.2308495,-0.017151448875665665,0.004958613775670528
1740416411.2410545,-0.02117733284831047,0.006617124192416668
1740416411.2512228,-0.026030927896499634,0.00861413311213255
1740416411.2613835,-0.03198057413101196,0.011075897142291069
1740416411.2715583,-0.03927743807435036,0.014098497107625008
1740416411.2819092,-0.0483408123254776,0.01784595660865307
1740416411.2919977,-0.05881119146943092,0.022175205871462822
1740416411.302207,-0.07085391879081726,0.02714361809194088
1740416411.3123655,-0.0843326672911644,0.032735105603933334
1740416411.322527,-0.09913397580385208,0.0388672798871994
1740416411.332698,-0.11500310897827148,0.04544459283351898
1740416411.3428106,-0.13200362026691437,0.05248790979385376
1740416411.3528676,-0.14999501407146454,0.0599399171769619
1740416411.3630211,-0.1689155399799347,0.06777764856815338
1740416411.3731737,-0.18856175243854523,0.07592509686946869
1740416411.3833375,-0.2086319774389267,0.08425181359052658
1740416411.3934987,-0.22884684801101685,0.09263003617525101
1740416411.4036615,-0.24888058006763458,0.10093513131141663
1740416411.4138153,-0.2684352397918701,0.10906269401311874
1740416411.4239728,-0.2872791886329651,0.11686071753501892
1740416411.434138,-0.3053688406944275,0.12436972558498383
1740416411.444304,-0.32242104411125183,0.1314452737569809
1740416411.454458,-0.3384547233581543,0.1381007432937622
1740416411.4646385,-0.35310056805610657,0.14417298138141632
1740416411.4748209,-0.3665963113307953,0.14978332817554474
1740416411.484881,-0.3785455822944641,0.15479010343551636
1740416411.4950356,-0.3893054127693176,0.15924516320228577
1740416411.5051978,-0.398661345243454,0.16312916576862335
1740416411.5153577,-0.40660449862480164,0.1664310097694397
1740416411.5255184,-0.4130341410636902,0.1690952628850937
1740416411.5356681,-0.4166966676712036,0.17062285542488098
1740416411.5458243,-0.41755175590515137,0.17098961770534515
1740416411.555994,-0.41711461544036865,0.17081986367702484
1740416411.5661552,-0.4171487092971802,0.1708262711763382
1740416411.576327,-0.4171530604362488,0.17083024978637695
1740416411.5864947,-0.41715118288993835,0.17082971334457397
1740416411.5966582,-0.4171600639820099,0.17082719504833221
1740416411.606718,-0.41715800762176514,0.1708306521177292
1740416411.6168926,-0.4171552360057831,0.17083077132701874
1740416411.627051,-0.4171557128429413,0.1708289235830307
1740416411.6371136,-0.41714972257614136,0.170839324593544
1740416411.6472805,-0.41715002059936523,0.17083178460597992
1740416411.657438,-0.41713589429855347,0.17083539068698883
1740416411.667595,-0.41714784502983093,0.17083382606506348
1740416411.6777492,-0.4171571135520935,0.17083477973937988
1740416411.6878502,-0.4171515107154846,0.17083144187927246
1740416411.6980076,-0.417136013507843,0.17082920670509338
1740416411.7082915,-0.41714349389076233,0.17082679271697998
1740416411.7184577,-0.41713303327560425,0.1708291471004486
1740416411.728623,-0.4157787263393402,0.17026597261428833
1740416411.7387843,-0.41577795147895813,0.17026934027671814
1740416411.7489507,-0.40568095445632935,0.16608916223049164
1740416411.7591045,-0.40568509697914124,0.16608713567256927
1740416411.7692745,-0.38201674818992615,0.15628798305988312
1740416411.7794638,-0.36414453387260437,0.14888809621334076
1740416411.7895236,-0.34188196063041687,0.13965730369091034
1740416411.7996867,-0.3150642216205597,0.12854787707328796
1740416411.8098652,-0.2835944592952728,0.11550699919462204
1740416411.8200328,-0.24754932522773743,0.10055454075336456
1740416411.8301237,-0.2070237249135971,0.08376099169254303
1740416411.8402846,-0.16253240406513214,0.06532230228185654
1740416411.850596,-0.11416850239038467,0.0452546663582325
1740416411.8607762,-0.06290297955274582,0.024017933756113052
1740416411.8709412,-0.010994036681950092,0.002561683766543865
1740416411.8811,0.03724318742752075,-0.016741914674639702
1740416411.8912966,0.07676489651203156,-0.030579617246985435
1740416411.9014533,0.10494392365217209,-0.03543637692928314
1740416411.911635,0.12125148624181747,-0.030796533450484276
1740416411.9217994,0.13175737857818604,-0.02182137407362461
1740416411.9319885,0.13972914218902588,-0.011551612056791782
1740416411.9421551,0.14469629526138306,-0.002481984905898571
1740416411.9523458,0.14796017110347748,0.004406793974339962
1740416411.9625063,0.14913277328014374,0.008437191136181355
1740416411.9726584,0.1482606679201126,0.009211498312652111
1740416411.9828212,0.1453341841697693,0.007773917634040117
1740416411.992978,0.14078325033187866,0.0053788162767887115
1740416412.003166,0.13641908764839172,0.002101174322888255
1740416412.0133228,0.13171210885047913,-0.0007879880722612143
1740416412.0234778,0.12749768793582916,-0.002772529609501362
1740416412.0336332,0.1251077800989151,-0.0037344987504184246
1740416412.043798,0.12476733326911926,-0.0038727354258298874
1740416412.0539656,0.12478232383728027,-0.0038699423894286156
1740416412.0641172,0.12478005886077881,-0.003868821309879422
1740416412.0742712,0.12478400021791458,-0.003867396619170904
1740416412.0844383,0.12477877736091614,-0.0038688010536134243
1740416412.0946226,0.12478508055210114,-0.003869451116770506
1740416412.1047819,0.12477739155292511,-0.003868039231747389
1740416412.1149387,0.12477818131446838,-0.0038688904605805874
1740416412.125097,0.12477502226829529,-0.003862709505483508
1740416412.1352632,0.12478311359882355,-0.0038689924404025078
1740416412.145432,0.12477749586105347,-0.003866772633045912
1740416412.1556058,0.12477729469537735,-0.0038654119707643986
1740416412.165764,0.12477541714906693,-0.0038686892949044704
1740416412.1759243,0.1247752234339714,-0.003865964710712433
1740416412.1860895,0.12477216124534607,-0.003868388943374157
1740416412.1962504,0.12477906048297882,-0.003867827355861664
1740416412.2064102,0.12477384507656097,-0.003867472056299448
1740416412.216589,0.12477808445692062,-0.003867567051202059
1740416412.226747,0.12477561831474304,-0.0038674434181302786
1740416412.236919,0.12477491796016693,-0.0038658389821648598
1740416412.2470887,0.12478518486022949,-0.003869424108415842
1740416412.257146,0.12477019429206848,-0.0038656876422464848
1740416412.2672148,0.12477176636457443,-0.0038688299246132374
1740416412.2773998,0.12477314472198486,-0.0038694972172379494
1740416412.2875595,0.12477363646030426,-0.003865595906972885
1740416412.2977552,0.12478262186050415,-0.003870023414492607
1740416412.3079324,0.12477423250675201,-0.0038661418948322535
1740416412.3181083,0.1247890293598175,-0.003867761231958866
1740416412.328298,0.12485837936401367,-0.003843373619019985
1740416412.3384814,0.12500408291816711,-0.003825136460363865
1740416412.3486538,0.12515848875045776,-0.00387729424983263
1740416412.3588405,0.12532679736614227,-0.003853113390505314
1740416412.3690484,0.12567050755023956,-0.0037074806168675423
1740416412.3792212,0.12685297429561615,-0.003384753130376339
1740416412.3892884,0.13013482093811035,-0.002365307416766882
1740416412.3993526,0.13687053322792053,-0.001123320311307907
1740416412.4094498,0.14684823155403137,0.000609139446169138
1740416412.4195163,0.17167557775974274,0.007143905386328697
1740416412.4297028,0.1774977594614029,0.004734029062092304
1740416412.4398785,0.19118426740169525,0.010406442917883396
1740416412.4500546,0.222800612449646,0.010418998077511787
1740416412.460237,0.2502884864807129,0.013532435521483421
1740416412.4704118,0.2826296091079712,0.017670027911663055
1740416412.4805949,0.34069323539733887,0.031392499804496765
1740416412.4907703,0.35440200567245483,0.02571529522538185
1740416412.5009568,0.3940381705760956,0.029925022274255753
1740416412.51113,0.4612285792827606,0.04486539959907532
1740416412.521315,0.5031337738037109,0.048778560012578964
1740416412.5314937,0.5451620817184448,0.052112989127635956
1740416412.5416787,0.5866855382919312,0.05479397252202034
1740416412.5518656,0.6266278624534607,0.056790221482515335
1740416412.562053,0.665340006351471,0.05807843804359436
1740416412.5722404,0.70140141248703,0.05846628174185753
1740416412.5824246,0.7349050641059875,0.0582035593688488
1740416412.5926006,0.7658041715621948,0.05726325139403343
1740416412.602786,0.7933968305587769,0.055586233735084534
1740416412.612996,0.8174898624420166,0.05318373069167137
1740416412.623183,0.8374847769737244,0.05062894523143768
1740416412.6333735,0.8553473949432373,0.0469028577208519
1740416412.643559,0.8683444261550903,0.04283720627427101
1740416412.6537445,0.8781311511993408,0.03876606002449989
1740416412.6639287,0.8859200477600098,0.035541024059057236
1740416412.674114,0.8916162252426147,0.033176712691783905
1740416412.6842928,0.8951461315155029,0.03169061988592148
1740416412.6944685,0.8968125581741333,0.030902912840247154
1740416412.704657,0.8952058553695679,0.030941950157284737
1740416412.714841,0.8928732872009277,0.03095998801290989
1740416412.7250304,0.8898493051528931,0.03047439642250538
1740416412.7352376,0.885678768157959,0.030154921114444733
1740416412.745429,0.8798065185546875,0.029518868774175644
1740416412.7556167,0.8727229833602905,0.028445765376091003
1740416412.7658103,0.8646550178527832,0.027051258832216263
1740416412.7759864,0.8555465936660767,0.025575296953320503
1740416412.786168,0.8452143669128418,0.023826830089092255
1740416412.7962217,0.8342641592025757,0.021991848945617676
1740416412.8062751,0.8230271339416504,0.02036968432366848
1740416412.8163295,0.8121503591537476,0.01888357102870941
1740416412.8263834,0.8009264469146729,0.01743144355714321
1740416412.8365576,0.7901781797409058,0.01603952795267105
1740416412.846753,0.779395341873169,0.015076644718647003
1740416412.8568072,0.7688953876495361,0.014241930097341537
1740416412.8669088,0.7577165365219116,0.013372508808970451
1740416412.8769884,0.7468332052230835,0.012642484158277512
1740416412.887154,0.734386682510376,0.011382346041500568
1740416412.8972716,0.7221498489379883,0.01019322033971548
1740416412.9074433,0.7083913087844849,0.008572224527597427
1740416412.9174995,0.6931084990501404,0.00643014395609498
1740416412.927696,0.6765621900558472,0.004037193488329649
1740416412.937774,0.6577881574630737,0.0012301135575398803
1740416412.9479563,0.6378248929977417,-0.0015338866505771875
1740416412.9581072,0.6165276765823364,-0.004041328094899654
1740416412.9681923,0.5940207242965698,-0.005824491381645203
1740416412.978354,0.5583988428115845,-0.0016609077574685216
1740416412.9885118,0.5462907552719116,-0.00667802058160305
1740416412.9986715,0.5214264392852783,-0.005595868453383446
1740416413.0088408,0.4952254295349121,-0.004315832629799843
1740416413.01901,0.468319833278656,-0.0029597743414342403
1740416413.0291035,0.4251975417137146,0.0040977718308568
1740416413.0392013,0.4109939932823181,-0.0017864374676719308
1740416413.0493662,0.36685359477996826,0.0037050319369882345
1740416413.0595338,0.3370732069015503,0.002663130173459649
1740416413.0697384,0.2910234332084656,-0.005254052113741636
1740416413.0799077,0.2778218984603882,0.00021617603488266468
1740416413.0899632,0.24950683116912842,-0.0007135567720979452
1740416413.1000526,0.22353726625442505,-0.0011074376525357366
1740416413.1101565,0.19906479120254517,-0.0011226541828364134
1740416413.120241,0.1775137484073639,-0.0006317009683698416
1740416413.1304173,0.15070068836212158,-0.003149750642478466
1740416413.1405368,0.14176279306411743,0.0005524462321773171
1740416413.1506078,0.12776385247707367,0.0007329724030569196
1740416413.1607685,0.11639256030321121,0.0005029533058404922
1740416413.1709185,0.10309593379497528,-0.0020428672432899475
1740416413.181082,0.09782759845256805,-0.002487834310159087
1740416413.1912668,0.09660764038562775,-0.002620573155581951
1740416413.201422,0.09710011631250381,-0.0024212454445660114
1740416413.2116125,0.09705217182636261,-0.0024407077580690384
1740416413.2217996,0.09705217182636261,-0.002445254474878311
1740416413.2319682,0.09704151749610901,-0.002441961783915758
1740416413.2421367,0.09704940766096115,-0.0024480940774083138
1740416413.252302,0.09705177694559097,-0.0024464367888867855
1740416413.2624607,0.09706006944179535,-0.002447194419801235
1740416413.272619,0.09705454111099243,-0.002449105028063059
1740416413.2827792,0.09705197811126709,-0.0024512256495654583
1740416413.2929492,0.09705868363380432,-0.0024481811560690403
1740416413.3030086,0.09705118834972382,-0.002448185347020626
1740416413.3130689,0.09705276787281036,-0.0024505718611180782
1740416413.32315,0.09705296158790588,-0.0024463441222906113
1740416413.3332384,0.0970563143491745,-0.0024489692877978086
1740416413.3432975,0.0970563143491745,-0.0024460414424538612
1740416413.353357,0.0970541387796402,-0.002448583021759987
1740416413.363418,0.0970572978258133,-0.0024455245584249496
1740416413.373504,0.09705789387226105,-0.0024467906914651394
1740416413.3835754,0.09705335646867752,-0.002446315251290798
1740416413.393739,0.09705039858818054,-0.0024519069120287895
1740416413.4039073,0.097048819065094,-0.0024496950209140778
1740416413.4140708,0.09703895449638367,-0.002453241031616926
1740416413.4241269,0.09694424271583557,-0.002481483854353428
1740416413.4341433,0.09678225219249725,-0.002471327316015959
1740416413.4442525,0.09613843262195587,-0.002299362327903509
1740416413.4543056,0.09519194811582565,-0.0019931576680392027
1740416413.4643586,0.09436127543449402,-0.0017166163306683302
1740416413.4744117,0.09308528155088425,-0.0012339369859546423
1740416413.484472,0.09106878936290741,-0.000490088015794754
1740416413.4945273,0.08725559711456299,0.0007260290440171957
1740416413.5045826,0.0803515687584877,0.0015328588197007775
1740416413.5146368,0.06956767290830612,0.0014689426170662045
1740416413.524788,0.05603683739900589,0.0010880647459998727
1740416413.5349538,0.0390586256980896,0.0002486339071765542
1740416413.545111,0.018790490925312042,-0.0009115220746025443
1740416413.5552707,-0.003922692965716124,-0.0020727510564029217
1740416413.5654306,-0.02977624163031578,-0.003182566724717617
1740416413.5755858,-0.057617079466581345,-0.0035386914387345314
1740416413.5857491,-0.08767290413379669,-0.003453862154856324
1740416413.595915,-0.11898697912693024,-0.002570691052824259
1740416413.6060886,-0.15223544836044312,-0.001211228547617793
1740416413.6162453,-0.18629130721092224,0.0007190078031271696
1740416413.6263072,-0.2215760052204132,0.0026273427065461874
1740416413.6363745,-0.2576169967651367,0.004612303804606199
1740416413.64657,-0.29440420866012573,0.006334660574793816
1740416413.6567426,-0.3309491276741028,0.007872559130191803
1740416413.6669004,-0.367193341255188,0.009254984557628632
1740416413.677062,-0.40229910612106323,0.01000268291682005
1740416413.687216,-0.43695855140686035,0.011226418428122997
1740416413.697274,-0.46952351927757263,0.01195734366774559
1740416413.7073462,-0.49924588203430176,0.012785674072802067
1740416413.717426,-0.5255277752876282,0.013741988688707352
1740416413.7274966,-0.5493451356887817,0.01421066652983427
1740416413.7376802,-0.5687687397003174,0.015119185671210289
1740416413.7478592,-0.5906167030334473,0.018722113221883774
1740416413.7580206,-0.5948308706283569,0.016975533217191696
1740416413.768185,-0.6013803482055664,0.01797756552696228
1740416413.778343,-0.6042360067367554,0.01892974227666855
1740416413.788519,-0.6042718887329102,0.019328804686665535
1740416413.79867,-0.6042012572288513,0.019355041906237602
1740416413.8088262,-0.6042162179946899,0.019349312409758568
1740416413.8188815,-0.6042136549949646,0.019342487677931786
1740416413.828971,-0.6042044162750244,0.019347045570611954
1740416413.8390567,-0.6042174100875854,0.019347574561834335
1740416413.8491328,-0.6042178273200989,0.019351022318005562
1740416413.859147,-0.6042115092277527,0.01935204304754734
1740416413.8692067,-0.604213297367096,0.019351322203874588
1740416413.8792615,-0.6042152643203735,0.01934800297021866
1740416413.889351,-0.6042104959487915,0.01934961788356304
1740416413.8994098,-0.6042109131813049,0.01935100369155407
1740416413.9094853,-0.6042146682739258,0.019350122660398483
1740416413.9195719,-0.6042083501815796,0.019352858886122704
1740416413.9297345,-0.6041755676269531,0.019351301714777946
1740416413.9398973,-0.6041755676269531,0.019354132935404778
1740416413.950148,-0.6033493280410767,0.01905723847448826
1740416413.9603045,-0.60140460729599,0.018594764173030853
1740416413.9704113,-0.5968902111053467,0.018206551671028137
1740416413.9805098,-0.588762640953064,0.01769198477268219
1740416413.9906678,-0.5765178799629211,0.0170150026679039
1740416414.0008328,-0.5601260662078857,0.01593741588294506
1740416414.0110242,-0.5400575995445251,0.01435475330799818
1740416414.0211177,-0.5161621570587158,0.012725474312901497
1740416414.031275,-0.4884799122810364,0.010854480788111687
1740416414.0414636,-0.45808279514312744,0.008793639950454235
